{"mean":{"confidence_interval":{"confidence_level":0.95,"lower_bound":16657506.215250002,"upper_bound":16972344.368000004},"point_estimate":16786300.36999999,"standard_error":82320.8759310202},"median":{"confidence_interval":{"confidence_level":0.95,"lower_bound":16603065.666666666,"upper_bound":16726702.0},"point_estimate":16664316.833333332,"standard_error":25537.314113389064},"median_abs_dev":{"confidence_interval":{"confidence_level":0.95,"lower_bound":166473.98514449643,"upper_bound":271444.28718090244},"point_estimate":215101.78168117907,"standard_error":24766.1371994241},"slope":null,"std_dev":{"confidence_interval":{"confidence_level":0.95,"lower_bound":279936.96897596266,"upper_bound":1332916.956476611},"point_estimate":829640.3089926572,"standard_error":326325.82910133793}}