{"mean":{"confidence_interval":{"confidence_level":0.95,"lower_bound":30737868.172625,"upper_bound":31500154.03675},"point_estimate":31118956.41,"standard_error":194596.31801904793},"median":{"confidence_interval":{"confidence_level":0.95,"lower_bound":30738871.0,"upper_bound":31970735.0},"point_estimate":31554222.25,"standard_error":314021.6047229721},"median_abs_dev":{"confidence_interval":{"confidence_level":0.95,"lower_bound":1533983.552916348,"upper_bound":2486657.4473530054},"point_estimate":1997977.6700288057,"standard_error":238109.75338019474},"slope":null,"std_dev":{"confidence_interval":{"confidence_level":0.95,"lower_bound":1718106.1147141843,"upper_bound":2177442.82517668},"point_estimate":1964805.5668867596,"standard_error":117082.55741501362}}