{"mean":{"confidence_interval":{"confidence_level":0.95,"lower_bound":23976130.677666664,"upper_bound":24768506.367},"point_estimate":24373886.286666654,"standard_error":202669.1680833153},"median":{"confidence_interval":{"confidence_level":0.95,"lower_bound":23829993.0,"upper_bound":24822457.333333332},"point_estimate":24317909.166666664,"standard_error":251779.2301187278},"median_abs_dev":{"confidence_interval":{"confidence_level":0.95,"lower_bound":1580815.7973349113,"upper_bound":2979779.5883983355},"point_estimate":2316776.447468994,"standard_error":367508.77717659925},"slope":null,"std_dev":{"confidence_interval":{"confidence_level":0.95,"lower_bound":1797502.903104164,"upper_bound":2266711.3213391425},"point_estimate":2044625.1579412,"standard_error":118778.481078962}}