{"mean":{"confidence_interval":{"confidence_level":0.95,"lower_bound":28747375.3935,"upper_bound":29340847.780125},"point_estimate":29039953.9,"standard_error":150875.45918171576},"median":{"confidence_interval":{"confidence_level":0.95,"lower_bound":28580610.5,"upper_bound":29197931.5},"point_estimate":28909721.5,"standard_error":148005.44812655906},"median_abs_dev":{"confidence_interval":{"confidence_level":0.95,"lower_bound":1044267.438210547,"upper_bound":1675655.6173011656},"point_estimate":1366372.6606920362,"standard_error":158256.18743340456},"slope":null,"std_dev":{"confidence_interval":{"confidence_level":0.95,"lower_bound":1262748.4350801639,"upper_bound":1752214.430622965},"point_estimate":1517738.8957950277,"standard_error":125314.44293108933}}