{"mean":{"confidence_interval":{"confidence_level":0.95,"lower_bound":0.0575412171816719,"upper_bound":0.0687477373437278},"point_estimate":0.06326754307471694,"standard_error":0.002859363502286835},"median":{"confidence_interval":{"confidence_level":0.95,"lower_bound":0.055758147230776434,"upper_bound":0.06661097715687325},"point_estimate":0.06086483144165822,"standard_error":0.002830421319017369}}