{"mean":{"confidence_interval":{"confidence_level":0.95,"lower_bound":-0.13505785609103604,"upper_bound":-0.11895686723722854},"point_estimate":-0.12700010843895326,"standard_error":0.004085148570244398},"median":{"confidence_interval":{"confidence_level":0.95,"lower_bound":-0.12668693771284834,"upper_bound":-0.11967334346234682},"point_estimate":-0.12342052322337604,"standard_error":0.0018118789208859507}}