{"mean":{"confidence_interval":{"confidence_level":0.95,"lower_bound":-0.17734590743698359,"upper_bound":0.1885220454916436},"point_estimate":-0.008027571323102833,"standard_error":0.09354109166279966},"median":{"confidence_interval":{"confidence_level":0.95,"lower_bound":-0.06616794133303708,"upper_bound":0.10360660030173152},"point_estimate":-0.02599334070399295,"standard_error":0.03755470910074975}}