{"mean":{"confidence_interval":{"confidence_level":0.95,"lower_bound":17445086.700833336,"upper_bound":18267324.081333328},"point_estimate":17850884.836666673,"standard_error":211217.3397641329},"median":{"confidence_interval":{"confidence_level":0.95,"lower_bound":17600559.0,"upper_bound":17819437.0},"point_estimate":17711843.833333336,"standard_error":56132.35551376182},"median_abs_dev":{"confidence_interval":{"confidence_level":0.95,"lower_bound":302863.2987231016,"upper_bound":1599509.9004030232},"point_estimate":401355.1330745257,"standard_error":335556.4417539354},"slope":null,"std_dev":{"confidence_interval":{"confidence_level":0.95,"lower_bound":1773674.1455197928,"upper_bound":2432651.926807839},"point_estimate":2134057.6073917006,"standard_error":168200.61244409654}}