{"mean":{"confidence_interval":{"confidence_level":0.95,"lower_bound":1521811.0587779672,"upper_bound":1539763.3138624043},"point_estimate":1530756.885094251,"standard_error":4575.026026271333},"median":{"confidence_interval":{"confidence_level":0.95,"lower_bound":1517592.142857143,"upper_bound":1544906.3988095238},"point_estimate":1532321.4220430106,"standard_error":6842.236839319964},"median_abs_dev":{"confidence_interval":{"confidence_level":0.95,"lower_bound":33475.23650569577,"upper_bound":52012.103567899816},"point_estimate":42833.68237526449,"standard_error":4662.8992829993795},"slope":{"confidence_interval":{"confidence_level":0.95,"lower_bound":1519755.5024571153,"upper_bound":1542849.1864280656},"point_estimate":1531473.1483611644,"standard_error":5865.637519660739},"std_dev":{"confidence_interval":{"confidence_level":0.95,"lower_bound":39025.506624321555,"upper_bound":52427.88234962935},"point_estimate":46079.07227565403,"standard_error":3425.351073723761}}