{"mean":{"confidence_interval":{"confidence_level":0.95,"lower_bound":-0.046183306006038094,"upper_bound":0.02539685414183479},"point_estimate":-0.011036678893669216,"standard_error":0.018240603805046066},"median":{"confidence_interval":{"confidence_level":0.95,"lower_bound":0.03502660771064514,"upper_bound":0.08451728740227438},"point_estimate":0.06210196492005515,"standard_error":0.013044301897436054}}