{"mean":{"confidence_interval":{"confidence_level":0.95,"lower_bound":-0.04425970212583137,"upper_bound":-0.02963434113493471},"point_estimate":-0.0369833718480983,"standard_error":0.0037572717519157345},"median":{"confidence_interval":{"confidence_level":0.95,"lower_bound":-0.04613948473335083,"upper_bound":-0.022680531301456863},"point_estimate":-0.035165877439289006,"standard_error":0.005915877951617332}}