{"mean":{"confidence_interval":{"confidence_level":0.95,"lower_bound":0.0041490868208339474,"upper_bound":0.04746728218815189},"point_estimate":0.02544358969022409,"standard_error":0.01113150971267631},"median":{"confidence_interval":{"confidence_level":0.95,"lower_bound":0.05630894248873797,"upper_bound":0.09566076118484634},"point_estimate":0.08005413615993318,"standard_error":0.010174834156040907}}