{"mean":{"confidence_interval":{"confidence_level":0.95,"lower_bound":-0.04672191845811121,"upper_bound":-0.008199267295930571},"point_estimate":-0.02735105885835909,"standard_error":0.009817512309625189},"median":{"confidence_interval":{"confidence_level":0.95,"lower_bound":-0.017503076513969984,"upper_bound":0.022995322108291916},"point_estimate":0.002613426779551453,"standard_error":0.010252366924606682}}