{"mean":{"confidence_interval":{"confidence_level":0.95,"lower_bound":-0.13769683420801862,"upper_bound":-0.07454556320713857},"point_estimate":-0.10717028404926354,"standard_error":0.016143223066925828},"median":{"confidence_interval":{"confidence_level":0.95,"lower_bound":-0.10977749206974274,"upper_bound":-0.09205007519226596},"point_estimate":-0.10064108153941209,"standard_error":0.00458481750143469}}