{"mean":{"confidence_interval":{"confidence_level":0.95,"lower_bound":18527547.520083338,"upper_bound":18966119.66666667},"point_estimate":18731007.419999998,"standard_error":111329.47773593203},"median":{"confidence_interval":{"confidence_level":0.95,"lower_bound":18510522.0,"upper_bound":18665950.0},"point_estimate":18590031.0,"standard_error":48689.29556698947},"median_abs_dev":{"confidence_interval":{"confidence_level":0.95,"lower_bound":445238.8567954302,"upper_bound":862677.4814844077},"point_estimate":614886.1000835896,"standard_error":107486.35207477749},"slope":null,"std_dev":{"confidence_interval":{"confidence_level":0.95,"lower_bound":680296.8790357868,"upper_bound":1519913.6206493594},"point_estimate":1114241.5745263763,"standard_error":218655.5848087652}}