{"mean":{"confidence_interval":{"confidence_level":0.95,"lower_bound":26081392.03725,"upper_bound":26767526.303375},"point_estimate":26419858.835,"standard_error":175074.80966694883},"median":{"confidence_interval":{"confidence_level":0.95,"lower_bound":25809057.75,"upper_bound":26790438.5},"point_estimate":26205997.25,"standard_error":285102.1900697412},"median_abs_dev":{"confidence_interval":{"confidence_level":0.95,"lower_bound":1196162.029413879,"upper_bound":2015070.1944753528},"point_estimate":1635207.6954692602,"standard_error":206968.66305516148},"slope":null,"std_dev":{"confidence_interval":{"confidence_level":0.95,"lower_bound":1450148.995798604,"upper_bound":2047042.5453366698},"point_estimate":1756232.9585419646,"standard_error":152216.16786582067}}