{"mean":{"confidence_interval":{"confidence_level":0.95,"lower_bound":-0.14731331455220054,"upper_bound":-0.10259318552275842},"point_estimate":-0.12435425358219554,"standard_error":0.011306164592602327},"median":{"confidence_interval":{"confidence_level":0.95,"lower_bound":-0.12323369052792274,"upper_bound":-0.11229285810080536},"point_estimate":-0.1181151846174866,"standard_error":0.002709827108823695}}