{"mean":{"confidence_interval":{"confidence_level":0.95,"lower_bound":-0.043799085071618775,"upper_bound":-0.014123998411105676},"point_estimate":-0.028269511097618882,"standard_error":0.007551233483714724},"median":{"confidence_interval":{"confidence_level":0.95,"lower_bound":-0.00841402110776468,"upper_bound":-0.0013821266734311832},"point_estimate":-0.005017833691354778,"standard_error":0.0016947113131740462}}