{"mean":{"confidence_interval":{"confidence_level":0.95,"lower_bound":18221724.060333334,"upper_bound":18829949.291499995},"point_estimate":18516838.78333333,"standard_error":155046.58459119935},"median":{"confidence_interval":{"confidence_level":0.95,"lower_bound":18236665.5,"upper_bound":18409401.0},"point_estimate":18322166.666666664,"standard_error":39855.17698805103},"median_abs_dev":{"confidence_interval":{"confidence_level":0.95,"lower_bound":369887.9370331764,"upper_bound":1070597.3017930957},"point_estimate":629815.1405185461,"standard_error":162049.66007114016},"slope":null,"std_dev":{"confidence_interval":{"confidence_level":0.95,"lower_bound":1228157.3603044546,"upper_bound":1850277.2287135047},"point_estimate":1562088.5083898404,"standard_error":159217.40117059194}}