{"mean":{"confidence_interval":{"confidence_level":0.95,"lower_bound":24419769.205333326,"upper_bound":25037013.58025},"point_estimate":24725697.18999999,"standard_error":157020.83011940317},"median":{"confidence_interval":{"confidence_level":0.95,"lower_bound":24499692.666666664,"upper_bound":25234794.666666668},"point_estimate":25101476.166666664,"standard_error":200279.77589555155},"median_abs_dev":{"confidence_interval":{"confidence_level":0.95,"lower_bound":1030815.9321993599,"upper_bound":2377992.883009689},"point_estimate":1656481.7695915718,"standard_error":330966.4060884551},"slope":null,"std_dev":{"confidence_interval":{"confidence_level":0.95,"lower_bound":1365783.5596431887,"upper_bound":1787632.1951297484},"point_estimate":1585396.6784029484,"standard_error":107443.15861347075}}