{"mean":{"confidence_interval":{"confidence_level":0.95,"lower_bound":-0.171235480962539,"upper_bound":-0.14317438626025947},"point_estimate":-0.15724940792186026,"standard_error":0.007166771667526322},"median":{"confidence_interval":{"confidence_level":0.95,"lower_bound":-0.17059486940975688,"upper_bound":-0.12868368766166483},"point_estimate":-0.14861082967002626,"standard_error":0.01042398992684202}}