{"mean":{"confidence_interval":{"confidence_level":0.95,"lower_bound":-0.14908963880106288,"upper_bound":-0.11730330114543736},"point_estimate":-0.13319610141203364,"standard_error":0.008101074948933128},"median":{"confidence_interval":{"confidence_level":0.95,"lower_bound":-0.14587471789994222,"upper_bound":-0.106061085862542},"point_estimate":-0.12794961460991028,"standard_error":0.010788865874850255}}