{"mean":{"confidence_interval":{"confidence_level":0.95,"lower_bound":6769042.4636875,"upper_bound":6821215.634875},"point_estimate":6794886.66875,"standard_error":13301.362382122603},"median":{"confidence_interval":{"confidence_level":0.95,"lower_bound":6758344.75,"upper_bound":6825332.625},"point_estimate":6785632.375,"standard_error":17581.973409580973},"median_abs_dev":{"confidence_interval":{"confidence_level":0.95,"lower_bound":88372.78065606952,"upper_bound":150466.29145368934},"point_estimate":114939.30425941944,"standard_error":16386.697647283832},"slope":null,"std_dev":{"confidence_interval":{"confidence_level":0.95,"lower_bound":113419.85298358442,"upper_bound":151720.0321117732},"point_estimate":133797.23336144822,"standard_error":9801.750111464185}}