{"mean":{"confidence_interval":{"confidence_level":0.95,"lower_bound":-0.05350681077504952,"upper_bound":-0.02305855848239595},"point_estimate":-0.038802837838720294,"standard_error":0.007743749937149894},"median":{"confidence_interval":{"confidence_level":0.95,"lower_bound":-0.029319056155055256,"upper_bound":0.002072891704526292},"point_estimate":-0.004136985610797672,"standard_error":0.007914194810643814}}