{"mean":{"confidence_interval":{"confidence_level":0.95,"lower_bound":-0.049617258825450046,"upper_bound":0.016763592004772926},"point_estimate":-0.017896563064826232,"standard_error":0.016782229025512425},"median":{"confidence_interval":{"confidence_level":0.95,"lower_bound":-0.11469586396200537,"upper_bound":0.1454755803798624},"point_estimate":-0.04337147600416924,"standard_error":0.09090586438969447}}