{"mean":{"confidence_interval":{"confidence_level":0.95,"lower_bound":16104376.6199375,"upper_bound":16628354.4415625},"point_estimate":16337566.6875,"standard_error":134513.62691194614},"median":{"confidence_interval":{"confidence_level":0.95,"lower_bound":15894976.75,"upper_bound":16052456.125},"point_estimate":15963978.875,"standard_error":38644.07595590446},"median_abs_dev":{"confidence_interval":{"confidence_level":0.95,"lower_bound":182994.7202011943,"upper_bound":356224.27714325464},"point_estimate":249917.6150880754,"standard_error":43429.35097357827},"slope":null,"std_dev":{"confidence_interval":{"confidence_level":0.95,"lower_bound":605478.4159615778,"upper_bound":1969994.0747154586},"point_estimate":1354230.7482750574,"standard_error":354261.0535438152}}