{"mean":{"confidence_interval":{"confidence_level":0.95,"lower_bound":-0.13710148093100616,"upper_bound":-0.09199655309276078},"point_estimate":-0.11378792771861923,"standard_error":0.011446014836633676},"median":{"confidence_interval":{"confidence_level":0.95,"lower_bound":-0.11976774992287142,"upper_bound":-0.10232392843128268},"point_estimate":-0.11370293323026681,"standard_error":0.004273692206315191}}