{"mean":{"confidence_interval":{"confidence_level":0.95,"lower_bound":-0.13966784448645875,"upper_bound":-0.09430845986326619},"point_estimate":-0.11683671712263843,"standard_error":0.011533458039201833},"median":{"confidence_interval":{"confidence_level":0.95,"lower_bound":-0.11971970774581525,"upper_bound":-0.07295319353204965},"point_estimate":-0.10145285261135739,"standard_error":0.011665777764827412}}