{"mean":{"confidence_interval":{"confidence_level":0.95,"lower_bound":-0.13780573436742313,"upper_bound":-0.09778216139134357},"point_estimate":-0.11745895917330929,"standard_error":0.010125530994572678},"median":{"confidence_interval":{"confidence_level":0.95,"lower_bound":-0.1353261164343592,"upper_bound":-0.09583938606318937},"point_estimate":-0.11981540041127126,"standard_error":0.01050110290406601}}