{"mean":{"confidence_interval":{"confidence_level":0.95,"lower_bound":16747804.682249997,"upper_bound":17690181.887083333},"point_estimate":17206453.473333336,"standard_error":240907.74007599778},"median":{"confidence_interval":{"confidence_level":0.95,"lower_bound":15652113.833333332,"upper_bound":15900222.333333334},"point_estimate":15718382.666666668,"standard_error":78533.78466971984},"median_abs_dev":{"confidence_interval":{"confidence_level":0.95,"lower_bound":278833.07124972437,"upper_bound":893503.4530371437},"point_estimate":431862.83983290335,"standard_error":175962.40081640382},"slope":null,"std_dev":{"confidence_interval":{"confidence_level":0.95,"lower_bound":2064600.0784268426,"upper_bound":2704146.5030390513},"point_estimate":2418053.845972367,"standard_error":163731.06527908944}}