{"mean":{"confidence_interval":{"confidence_level":0.95,"lower_bound":-0.15168327549544403,"upper_bound":-0.10452333305160688},"point_estimate":-0.12732236028808652,"standard_error":0.01205044039628307},"median":{"confidence_interval":{"confidence_level":0.95,"lower_bound":-0.1043735347080843,"upper_bound":-0.0946360585016447},"point_estimate":-0.09966549657703083,"standard_error":0.0025422883439931614}}