{"mean":{"confidence_interval":{"confidence_level":0.95,"lower_bound":-0.1880297421449535,"upper_bound":-0.11947698902306922},"point_estimate":-0.15572678013141494,"standard_error":0.017502797955607014},"median":{"confidence_interval":{"confidence_level":0.95,"lower_bound":-0.2609691039233494,"upper_bound":-0.1160034197435098},"point_estimate":-0.2431451888541436,"standard_error":0.05103365664694204}}