{"mean":{"confidence_interval":{"confidence_level":0.95,"lower_bound":-0.13309706404188132,"upper_bound":-0.10916502015225826},"point_estimate":-0.11944416485357146,"standard_error":0.006188188359946009},"median":{"confidence_interval":{"confidence_level":0.95,"lower_bound":-0.11329638715212609,"upper_bound":-0.1057166156705357},"point_estimate":-0.10923828614594788,"standard_error":0.0020398897297948305}}