{"mean":{"confidence_interval":{"confidence_level":0.95,"lower_bound":-0.1227960037414317,"upper_bound":-0.0865100639266211},"point_estimate":-0.10443253341054715,"standard_error":0.009433434791770903},"median":{"confidence_interval":{"confidence_level":0.95,"lower_bound":-0.1405020389571665,"upper_bound":-0.0934927507029838},"point_estimate":-0.11141382627517149,"standard_error":0.012376513326492629}}