{"mean":{"confidence_interval":{"confidence_level":0.95,"lower_bound":24314951.29183333,"upper_bound":24474983.196333334},"point_estimate":24394055.283333335,"standard_error":40782.89934672242},"median":{"confidence_interval":{"confidence_level":0.95,"lower_bound":24311833.0,"upper_bound":24443785.333333332},"point_estimate":24364717.833333332,"standard_error":28937.056544523057},"median_abs_dev":{"confidence_interval":{"confidence_level":0.95,"lower_bound":185105.57191371918,"upper_bound":283432.590568062},"point_estimate":249801.04566514492,"standard_error":24553.163170525906},"slope":null,"std_dev":{"confidence_interval":{"confidence_level":0.95,"lower_bound":305086.9434114654,"upper_bound":507439.2964653162},"point_estimate":412017.834282515,"standard_error":51569.85104716216}}