{"mean":{"confidence_interval":{"confidence_level":0.95,"lower_bound":0.020487016567870876,"upper_bound":0.030434195899011217},"point_estimate":0.025616099668574588,"standard_error":0.0025498689897315435},"median":{"confidence_interval":{"confidence_level":0.95,"lower_bound":0.01854449366960198,"upper_bound":0.03193817360077733},"point_estimate":0.023516165721237492,"standard_error":0.00345515530285202}}