{"mean":{"confidence_interval":{"confidence_level":0.95,"lower_bound":38733666.8255,"upper_bound":49172798.105124995},"point_estimate":43219145.42,"standard_error":2703426.3892069045},"median":{"confidence_interval":{"confidence_level":0.95,"lower_bound":37409120.5,"upper_bound":42996033.5},"point_estimate":38464093.5,"standard_error":1385154.584483542},"median_abs_dev":{"confidence_interval":{"confidence_level":0.95,"lower_bound":5537363.753642142,"upper_bound":10578095.805001259},"point_estimate":8258111.876039207,"standard_error":1215307.9272829029},"slope":null,"std_dev":{"confidence_interval":{"confidence_level":0.95,"lower_bound":9021067.310611239,"upper_bound":41423670.5961586},"point_estimate":27163792.46920472,"standard_error":8663997.427092303}}