{"mean":{"confidence_interval":{"confidence_level":0.95,"lower_bound":20808196.90975,"upper_bound":21963891.927666664},"point_estimate":21388693.310000002,"standard_error":294304.46744340274},"median":{"confidence_interval":{"confidence_level":0.95,"lower_bound":18801445.0,"upper_bound":23843915.0},"point_estimate":19991010.333333336,"standard_error":1919072.475786534},"median_abs_dev":{"confidence_interval":{"confidence_level":0.95,"lower_bound":968303.586909173,"upper_bound":4493049.119332432},"point_estimate":3410502.308851484,"standard_error":1037964.2251952955},"slope":null,"std_dev":{"confidence_interval":{"confidence_level":0.95,"lower_bound":2843655.6717600217,"upper_bound":3059479.4256732916},"point_estimate":2973211.216372899,"standard_error":55013.92384706857}}